[{"model": "auth.user", "pk": 1, "fields": {"password": "pbkdf2_sha256$120000$tbdj18HEMbYz$6WXFsKjPrJbk8/sD123sWhuii2KFrEcBcPEQ2gLhZJg=", "last_login": null, "is_superuser": false, "username": "1630623605isaacamarilla", "first_name": "Isaac Amarilla", "last_name": "", "email": "sc.amarilla@gmail.com", "is_staff": false, "is_active": true, "date_joined": "2021-09-02T23:00:05.600", "groups": [], "user_permissions": []}}, {"model": "auth.user", "pk": 2, "fields": {"password": "pbkdf2_sha256$120000$tbdj18HEMbYz$6WXFsKjPrJbk8/sD123sWhuii2KFrEcBcPEQ2gLhZJg=", "last_login": null, "is_superuser": false, "username": "1630623605nereaortiz", "first_name": "Nerea Ortiz", "last_name": "", "email": "nmoortiz@gmail.com", "is_staff": false, "is_active": true, "date_joined": "2021-09-02T23:00:05.600", "groups": [], "user_permissions": []}}, {"model": "auth.user", "pk": 3, "fields": {"password": "pbkdf2_sha256$120000$tbdj18HEMbYz$6WXFsKjPrJbk8/sD123sWhuii2KFrEcBcPEQ2gLhZJg=", "last_login": null, "is_superuser": false, "username": "1630623605ramonperdomo", "first_name": "Ramon Perdomo", "last_name": "", "email": "rperdomorivas@gmail.com", "is_staff": false, "is_active": true, "date_joined": "2021-09-02T23:00:05.600", "groups": [], "user_permissions": []}}, {"model": "auth.user", "pk": 4, "fields": {"password": "pbkdf2_sha256$120000$X6ZGxovtKg9J$JP3IL2FFggIEB2cr4yMmEEhpJdD/f59mWxOJe7nWSM8=", "last_login": null, "is_superuser": false, "username": "1633597474sebascane", "first_name": "Sebas Cane", "last_name": "", "email": "canesi12@gmail.com", "is_staff": false, "is_active": true, "date_joined": "2021-10-07T09:04:34.290", "groups": [], "user_permissions": []}}, {"model": "auth.user", "pk": 5, "fields": {"password": "pbkdf2_sha256$120000$GcQfi7cm6xyD$44Ic3nelCmleB1shCE2UWBbqS+yGFJbSqo8ikio4PrM=", "last_login": null, "is_superuser": false, "username": "1637338376isaacgabrielamarillabenitez", "first_name": "Isaac Gabriel Amarilla Benitez", "last_name": "", "email": "sc.amarilla@fpuna.edu.py", "is_staff": false, "is_active": true, "date_joined": "2021-11-19T16:12:56.133", "groups": [], "user_permissions": []}}, {"model": "api.permiso", "pk": 1, "fields": {"nombre": "Ver Usuarios", "codigo": "ver_usuarios"}}, {"model": "api.permiso", "pk": 2, "fields": {"nombre": "Activar Usuarios", "codigo": "activar_usuarios"}}, {"model": "api.permiso", "pk": 3, "fields": {"nombre": "Desactivar Usuarios", "codigo": "desactivar_usuarios"}}, {"model": "api.permiso", "pk": 4, "fields": {"nombre": "Ver Permisos", "codigo": "ver_permisos"}}, {"model": "api.permiso", "pk": 5, "fields": {"nombre": "Ver Roles", "codigo": "ver_roles"}}, {"model": "api.permiso", "pk": 6, "fields": {"nombre": "Crear Roles", "codigo": "crear_roles"}}, {"model": "api.permiso", "pk": 7, "fields": {"nombre": "Modificar Roles", "codigo": "modificar_roles"}}, {"model": "api.permiso", "pk": 8, "fields": {"nombre": "Eliminar Roles", "codigo": "eliminar_roles"}}, {"model": "api.permiso", "pk": 9, "fields": {"nombre": "Asignar Roles", "codigo": "asignar_roles"}}, {"model": "api.permiso", "pk": 10, "fields": {"nombre": "Ver Proyectos", "codigo": "ver_proyectos"}}, {"model": "api.permiso", "pk": 11, "fields": {"nombre": "Crear Proyectos", "codigo": "crear_proyectos"}}, {"model": "api.permiso", "pk": 12, "fields": {"nombre": "Modificar Proyectos", "codigo": "modificar_proyectos"}}, {"model": "api.permiso", "pk": 13, "fields": {"nombre": "Eliminar Proyectos", "codigo": "eliminar_proyectos"}}, {"model": "api.permiso", "pk": 14, "fields": {"nombre": "Ver Plantillas de Rol de Proyecto", "codigo": "ver_plantillas"}}, {"model": "api.permiso", "pk": 15, "fields": {"nombre": "Crear Plantillas de Rol de Proyecto", "codigo": "crear_plantillas"}}, {"model": "api.permiso", "pk": 16, "fields": {"nombre": "Modificar Plantillas de Rol de Proyecto", "codigo": "modificar_plantillas"}}, {"model": "api.permiso", "pk": 17, "fields": {"nombre": "Eliminar Plantillas de Rol de Proyecto", "codigo": "eliminar_plantillas"}}, {"model": "api.usuario", "pk": 1, "fields": {"user": 1, "nombre": "Isaac Amarilla", "email": "sc.amarilla@gmail.com", "estado": "A", "firebase_uid": "ytuo1pkhFiOG5BN5XhnDd0gplW42", "rol": 1}}, {"model": "api.usuario", "pk": 2, "fields": {"user": 2, "nombre": "Nerea Ortiz", "email": "nmoortiz@gmail.com ", "estado": "A", "firebase_uid": "inatCNlTBVgntPuAjnWRNIKnvHN2", "rol": 1}}, {"model": "api.usuario", "pk": 3, "fields": {"user": 3, "nombre": "Ramon Perdomo", "email": "rperdomorivas@gmail.com ", "estado": "A", "firebase_uid": "YIWQchfL8OXbKLcEw5ih5hwI1Cj2", "rol": 1}}, {"model": "api.usuario", "pk": 4, "fields": {"user": 4, "nombre": "Sebas Cane", "email": "canesi12@gmail.com", "estado": "A", "firebase_uid": "euZfUKH8zra8DLcSXnJO8qeR0aC2", "rol": 1}}, {"model": "api.usuario", "pk": 5, "fields": {"user": 5, "nombre": "Isaac Gabriel Amarilla Benitez", "email": "sc.amarilla@fpuna.edu.py", "estado": "A", "firebase_uid": "dVSXl2HTL5hc7W1B0sYpgBYLAjY2", "rol": 2}}, {"model": "api.rol", "pk": 1, "fields": {"nombre": "Administrador", "permisos": [1, 2, 3, 4, 5, 6, 7, 8, 9, 10, 11, 12, 13, 14, 15, 16, 17]}}, {"model": "api.rol", "pk": 2, "fields": {"nombre": "Usuario", "permisos": [1, 4, 5]}}, {"model": "api.permisoproyecto", "pk": 1, "fields": {"nombre": "Ver Permisos De Proyecto", "codigo": "ver_permisos_proyecto"}}, {"model": "api.permisoproyecto", "pk": 2, "fields": {"nombre": "Ver Roles De Proyecto", "codigo": "ver_roles_proyecto"}}, {"model": "api.permisoproyecto", "pk": 3, "fields": {"nombre": "Crear Roles De Proyecto", "codigo": "crear_roles_proyecto"}}, {"model": "api.permisoproyecto", "pk": 4, "fields": {"nombre": "Modificar Roles De Proyecto", "codigo": "modificar_roles_proyecto"}}, {"model": "api.permisoproyecto", "pk": 5, "fields": {"nombre": "Eliminar Roles De Proyecto", "codigo": "eliminar_roles_proyecto"}}, {"model": "api.permisoproyecto", "pk": 6, "fields": {"nombre": "Agregar Miembros", "codigo": "agregar_miembros"}}, {"model": "api.permisoproyecto", "pk": 7, "fields": {"nombre": "Ver Miembros", "codigo": "ver_miembros"}}, {"model": "api.permisoproyecto", "pk": 8, "fields": {"nombre": "Modificar Miembros", "codigo": "modificar_miembros"}}, {"model": "api.permisoproyecto", "pk": 9, "fields": {"nombre": "Eliminar Miembros", "codigo": "eliminar_miembros"}}, {"model": "api.permisoproyecto", "pk": 10, "fields": {"nombre": "Activar Proyecto", "codigo": "activar_proyecto"}}, {"model": "api.permisoproyecto", "pk": 11, "fields": {"nombre": "Finalizar Proyecto", "codigo": "finalizar_proyecto"}}, {"model": "api.permisoproyecto", "pk": 12, "fields": {"nombre": "Cancelar Proyecto", "codigo": "cancelar_proyecto"}}, {"model": "api.permisoproyecto", "pk": 13, "fields": {"nombre": "Ver User Stories", "codigo": "ver_user_stories"}}, {"model": "api.permisoproyecto", "pk": 14, "fields": {"nombre": "Crear User Stories", "codigo": "crear_user_stories"}}, {"model": "api.permisoproyecto", "pk": 15, "fields": {"nombre": "Modificar User Stories", "codigo": "modificar_user_stories"}}, {"model": "api.permisoproyecto", "pk": 16, "fields": {"nombre": "Cancelar User Stories", "codigo": "cancelar_user_stories"}}, {"model": "api.permisoproyecto", "pk": 17, "fields": {"nombre": "Lanzar User Stories", "codigo": "lanzar_user_stories"}}, {"model": "api.permisoproyecto", "pk": 18, "fields": {"nombre": "Ver Sprints", "codigo": "ver_sprints"}}, {"model": "api.permisoproyecto", "pk": 19, "fields": {"nombre": "Crear Sprints", "codigo": "crear_sprints"}}, {"model": "api.permisoproyecto", "pk": 20, "fields": {"nombre": "Modificar Sprints", "codigo": "modificar_sprints"}}, {"model": "api.permisoproyecto", "pk": 21, "fields": {"nombre": "Eliminar Sprints", "codigo": "eliminar_sprints"}}, {"model": "api.permisoproyecto", "pk": 22, "fields": {"nombre": "Activar Sprints", "codigo": "activar_sprints"}}, {"model": "api.permisoproyecto", "pk": 23, "fields": {"nombre": "Finalizar Sprints", "codigo": "finalizar_sprints"}}, {"model": "api.permisoproyecto", "pk": 24, "fields": {"nombre": "Planear Sprints", "codigo": "planear_sprints"}}, {"model": "api.permisoproyecto", "pk": 25, "fields": {"nombre": "Iniciar Sprint Planning", "codigo": "iniciar_sprint_planning"}}, {"model": "api.permisoproyecto", "pk": 26, "fields": {"nombre": "Ver Kanban", "codigo": "ver_kanban"}}, {"model": "api.permisoproyecto", "pk": 27, "fields": {"nombre": "Mover User Stories", "codigo": "mover_user_stories"}}, {"model": "api.permisoproyecto", "pk": 28, "fields": {"nombre": "Crear Reviews", "codigo": "crear_reviews"}}, {"model": "api.permisoproyecto", "pk": 29, "fields": {"nombre": "Modificar Reviews", "codigo": "modificar_reviews"}}, {"model": "api.permisoproyecto", "pk": 30, "fields": {"nombre": "Eliminar Reviews", "codigo": "eliminar_reviews"}}, {"model": "api.permisoproyecto", "pk": 31, "fields": {"nombre": "Ver Burndown Chart", "codigo": "ver_burndown_chart"}}, {"model": "api.permisoproyecto", "pk": 32, "fields": {"nombre": "Importar Roles Proyecto", "codigo": "importar_roles_proyecto"}}, {"model": "api.permisoproyecto", "pk": 33, "fields": {"nombre": "Eliminar User Stories", "codigo": "eliminar_user_stories"}}, {"model": "api.permisoproyecto", "pk": 34, "fields": {"nombre": "Ver Miembros Sprint", "codigo": "ver_miembros_sprint"}}, {"model": "api.permisoproyecto", "pk": 35, "fields": {"nombre": "Modificar Miembros Sprint", "codigo": "modificar_miembros_sprint"}}, {"model": "api.plantillarolproyecto", "pk": 1, "fields": {"nombre": "Scrum Master", "permisos": [1, 2, 3, 4, 5, 6, 7, 8, 9, 10, 11, 12, 13, 14, 15, 16, 17, 18, 19, 20, 21, 22, 23, 24, 25, 26, 27, 28, 29, 30, 31, 32, 33, 34, 35]}}, {"model": "api.plantillarolproyecto", "pk": 2, "fields": {"nombre": "Team Member", "permisos": [7, 13, 15, 18, 26, 27, 31]}}, {"model": "api.plantillarolproyecto", "pk": 3, "fields": {"nombre": "Product Owner", "permisos": [7, 13, 18, 26, 28, 29, 30, 31]}}, {"model": "api.plantillarolproyecto", "pk": 4, "fields": {"nombre": "Stake Holder", "permisos": [18, 26, 13, 31]}}, {"model": "api.proyecto", "pk": 1, "fields": {"nombre": "Proyecto 1", "fecha_inicio": "2021-11-19", "fecha_fin": "2021-11-30", "estado": "A", "scrum_master": 1}}, {"model": "api.rolproyecto", "pk": 1, "fields": {"nombre": "Scrum Master", "proyecto": 1, "permisos": [1, 2, 3, 4, 5, 6, 7, 8, 9, 10, 11, 12, 13, 14, 15, 16, 17, 18, 19, 20, 21, 22, 23, 24, 25, 26, 27, 28, 29, 30, 31, 32, 33, 34, 35]}}, {"model": "api.rolproyecto", "pk": 2, "fields": {"nombre": "Team Member", "proyecto": 1, "permisos": [7, 13, 15, 18, 26, 27, 31]}}, {"model": "api.rolproyecto", "pk": 3, "fields": {"nombre": "Product Owner", "proyecto": 1, "permisos": [7, 13, 18, 26, 28, 29, 30, 31]}}, {"model": "api.rolproyecto", "pk": 4, "fields": {"nombre": "Stake Holder", "proyecto": 1, "permisos": [18, 26, 13, 31]}}, {"model": "api.miembro", "pk": 1, "fields": {"usuario": 1, "proyecto": 1, "rol": 1}}, {"model": "api.miembro", "pk": 2, "fields": {"usuario": 5, "proyecto": 1, "rol": 2}}, {"model": "api.miembro", "pk": 3, "fields": {"usuario": 2, "proyecto": 1, "rol": 2}}, {"model": "api.horario", "pk": 1, "fields": {"lunes": 0, "martes": 0, "miercoles": 0, "jueves": 0, "viernes": 0, "sabado": 0, "domingo": 0, "miembro": 1}}, {"model": "api.horario", "pk": 2, "fields": {"lunes": 8, "martes": 8, "miercoles": 8, "jueves": 8, "viernes": 8, "sabado": 0, "domingo": 0, "miembro": 2}}, {"model": "api.horario", "pk": 3, "fields": {"lunes": 8, "martes": 8, "miercoles": 8, "jueves": 8, "viernes": 8, "sabado": 0, "domingo": 0, "miembro": 3}}, {"model": "api.userstory", "pk": 1, "fields": {"nombre": "US 1", "descripcion": "Lorem", "prioridad": 3, "estado": "P", "fecha_release": null, "fecha_creacion": "2021-11-19", "product_backlog": false, "proyecto": 1}}, {"model": "api.userstory", "pk": 2, "fields": {"nombre": "US 2", "descripcion": "Lorem", "prioridad": 5, "estado": "P", "fecha_release": null, "fecha_creacion": "2021-11-19", "product_backlog": false, "proyecto": 1}}, {"model": "api.userstory", "pk": 3, "fields": {"nombre": "US 3", "descripcion": "Lorem", "prioridad": 5, "estado": "P", "fecha_release": null, "fecha_creacion": "2021-11-19", "product_backlog": false, "proyecto": 1}}, {"model": "api.userstory", "pk": 4, "fields": {"nombre": "US 4", "descripcion": "Lorem", "prioridad": 5, "estado": "P", "fecha_release": null, "fecha_creacion": "2021-11-19", "product_backlog": false, "proyecto": 1}}, {"model": "api.userstory", "pk": 5, "fields": {"nombre": "US 5", "descripcion": "Lorem", "prioridad": 5, "estado": "P", "fecha_release": null, "fecha_creacion": "2021-11-19", "product_backlog": true, "proyecto": 1}}, {"model": "api.userstory", "pk": 6, "fields": {"nombre": "US 6", "descripcion": "Lorem", "prioridad": 5, "estado": "P", "fecha_release": null, "fecha_creacion": "2021-11-19", "product_backlog": true, "proyecto": 1}}, {"model": "api.productbacklog", "pk": 5, "fields": {"proyecto": 1, "user_story": 5}}, {"model": "api.productbacklog", "pk": 6, "fields": {"proyecto": 1, "user_story": 6}}, {"model": "api.registrouserstory", "pk": 1, "fields": {"nombre_antes": null, "descripcion_antes": null, "prioridad_antes": null, "estado_antes": null, "nombre_despues": "US 1", "descripcion_despues": "Lorem", "prioridad_despues": 3, "estado_despues": "P", "user_story": 1, "accion": "Creacion", "fecha": "2021-11-19", "autor": 1}}, {"model": "api.registrouserstory", "pk": 2, "fields": {"nombre_antes": null, "descripcion_antes": null, "prioridad_antes": null, "estado_antes": null, "nombre_despues": "US 2", "descripcion_despues": "Lorem", "prioridad_despues": 5, "estado_despues": "P", "user_story": 2, "accion": "Creacion", "fecha": "2021-11-19", "autor": 1}}, {"model": "api.registrouserstory", "pk": 3, "fields": {"nombre_antes": null, "descripcion_antes": null, "prioridad_antes": null, "estado_antes": null, "nombre_despues": "US 3", "descripcion_despues": "Lorem", "prioridad_despues": 5, "estado_despues": "P", "user_story": 3, "accion": "Creacion", "fecha": "2021-11-19", "autor": 1}}, {"model": "api.registrouserstory", "pk": 4, "fields": {"nombre_antes": null, "descripcion_antes": null, "prioridad_antes": null, "estado_antes": null, "nombre_despues": "US 4", "descripcion_despues": "Lorem", "prioridad_despues": 5, "estado_despues": "P", "user_story": 4, "accion": "Creacion", "fecha": "2021-11-19", "autor": 1}}, {"model": "api.registrouserstory", "pk": 5, "fields": {"nombre_antes": null, "descripcion_antes": null, "prioridad_antes": null, "estado_antes": null, "nombre_despues": "US 5", "descripcion_despues": "Lorem", "prioridad_despues": 5, "estado_despues": "P", "user_story": 5, "accion": "Creacion", "fecha": "2021-11-19", "autor": 1}}, {"model": "api.registrouserstory", "pk": 6, "fields": {"nombre_antes": null, "descripcion_antes": null, "prioridad_antes": null, "estado_antes": null, "nombre_despues": "US 6", "descripcion_despues": "Lorem", "prioridad_despues": 5, "estado_despues": "P", "user_story": 6, "accion": "Creacion", "fecha": "2021-11-19", "autor": 1}}, {"model": "api.sprint", "pk": 1, "fields": {"numero": 1, "fecha_inicio": "2021-11-13", "fecha_fin": "2021-11-30", "estado": "A", "estado_sprint_planning": "F", "planificador": 1, "proyecto": 1, "fecha_fin_real": null}}, {"model": "api.sprint", "pk": 2, "fields": {"numero": 2, "fecha_inicio": "2021-12-04", "fecha_fin": "2021-12-24", "estado": "P", "estado_sprint_planning": "F", "planificador": 1, "proyecto": 1, "fecha_fin_real": null}}, {"model": "api.sprintbacklog", "pk": 1, "fields": {"sprint": 1, "user_story": 1, "estado_kanban": "T", "desarrollador": 2, "horas_estimadas": 4, "estado_estimacion": "C"}}, {"model": "api.sprintbacklog", "pk": 2, "fields": {"sprint": 1, "user_story": 2, "estado_kanban": "D", "desarrollador": 2, "horas_estimadas": 23, "estado_estimacion": "C"}}, {"model": "api.sprintbacklog", "pk": 3, "fields": {"sprint": 2, "user_story": 3, "estado_kanban": "T", "desarrollador": 3, "horas_estimadas": 12, "estado_estimacion": "C"}}, {"model": "api.sprintbacklog", "pk": 4, "fields": {"sprint": 2, "user_story": 4, "estado_kanban": "T", "desarrollador": 3, "horas_estimadas": 43, "estado_estimacion": "C"}}, {"model": "api.miembrosprint", "pk": 1, "fields": {"miembro_proyecto": 1, "sprint": 1}}, {"model": "api.miembrosprint", "pk": 2, "fields": {"miembro_proyecto": 2, "sprint": 1}}, {"model": "api.miembrosprint", "pk": 3, "fields": {"miembro_proyecto": 2, "sprint": 2}}, {"model": "api.miembrosprint", "pk": 4, "fields": {"miembro_proyecto": 1, "sprint": 2}}, {"model": "api.miembrosprint", "pk": 5, "fields": {"miembro_proyecto": 3, "sprint": 2}}, {"model": "api.actividad", "pk": 1, "fields": {"titulo": "Act 1", "descripcion": "act", "horas": 3, "fecha_creacion": "2021-11-13", "sprint_backlog": 1, "desarrollador": 5}}, {"model": "api.actividad", "pk": 2, "fields": {"titulo": "Act 2", "descripcion": "Act", "horas": 5, "fecha_creacion": "2021-11-13", "sprint_backlog": 1, "desarrollador": 5}}, {"model": "api.actividad", "pk": 3, "fields": {"titulo": "Act 3", "descripcion": "Act", "horas": 5, "fecha_creacion": "2021-11-14", "sprint_backlog": 1, "desarrollador": 5}}, {"model": "api.actividad", "pk": 4, "fields": {"titulo": "Act 4", "descripcion": "Act ", "horas": 4, "fecha_creacion": "2021-11-14", "sprint_backlog": 1, "desarrollador": 5}}, {"model": "api.actividad", "pk": 5, "fields": {"titulo": "Act 5", "descripcion": "Act", "horas": 2, "fecha_creacion": "2021-11-16", "sprint_backlog": 2, "desarrollador": 5}}, {"model": "api.actividad", "pk": 6, "fields": {"titulo": "Act 6", "descripcion": "Act", "horas": 4, "fecha_creacion": "2021-11-17", "sprint_backlog": 2, "desarrollador": 5}}, {"model": "api.actividad", "pk": 7, "fields": {"titulo": "Act 7", "descripcion": "Act", "horas": 9, "fecha_creacion": "2021-11-17", "sprint_backlog": 2, "desarrollador": 5}}, {"model": "api.actividad", "pk": 8, "fields": {"titulo": "Act 8", "descripcion": "Act", "horas": 7, "fecha_creacion": "2021-11-18", "sprint_backlog": 2, "desarrollador": 5}}, {"model": "api.actividad", "pk": 9, "fields": {"titulo": "Act 9", "descripcion": "Act", "horas": 4, "fecha_creacion": "2021-11-19", "sprint_backlog": 2, "desarrollador": 5}}]